Id,Name,Link,Category,UserId,SceneData
2,FZu9QCLakAAIGYx.jpeg,https://i.imgur.com/fd2cYvM.jpeg,Image,0,
3,SlkoiOa.png,https://i.imgur.com/FBsUlOC.jpeg,Token,0,
5,1670019219731728.jpg,https://i.imgur.com/t98ANEc.jpeg,Image,0,
6,GNCn0Jha8AAGmBG.jpg,https://i.imgur.com/hNeBtOX.jpeg,Scene,0,"{""gridSize"":50,""gridColor"":""rgba(0,0,0,0.1)"",""elements"":{""middleLayer"":[],""topLayer"":[{""id"":""22-1747224502846-kfjw52hp4"",""url"":""https://i.imgur.com/komYNIW.png"",""x"":400,""y"":250,""width"":50,""height"":50,""characterId"":22,""character"":{""Name"":""Wizard"",""Path"":""Magic User"",""Guard"":10,""MaxGuard"":10,""Strength"":10,""MaxStrength"":10,""Mp"":5,""MaxMp"":5,""userId"":0}},{""id"":""19-1747224506309-ee4kxk1ms"",""url"":""https://i.imgur.com/WmcylDU.png"",""x"":800,""y"":450,""width"":50,""height"":50,""characterId"":19,""character"":{""Name"":""Bo1"",""Path"":""Warrior"",""Guard"":7,""MaxGuard"":10,""Strength"":11,""MaxStrength"":10,""Mp"":0,""MaxMp"":0,""userId"":0}},{""id"":""22-1747224527452-7711s7i78"",""url"":""https://i.imgur.com/komYNIW.png"",""x"":1100,""y"":300,""width"":50,""height"":50,""characterId"":22,""character"":{""Name"":""Wizard"",""Path"":""Magic User"",""Guard"":10,""MaxGuard"":10,""Strength"":10,""MaxStrength"":10,""Mp"":5,""MaxMp"":5,""userId"":0}},{""id"":""19-1747224589366-6i42wms06"",""url"":""https://i.imgur.com/WmcylDU.png"",""x"":900,""y"":400,""width"":50,""height"":50,""characterId"":19,""character"":{""Name"":""Bo1"",""Path"":""Warrior"",""Guard"":7,""MaxGuard"":10,""Strength"":11,""MaxStrength"":10,""Mp"":0,""MaxMp"":0,""userId"":0}},{""id"":""28-1747224626208-b2oxyfkty"",""url"":""https://i.imgur.com/pJKqRAa.jpeg"",""x"":1200,""y"":450,""width"":50,""height"":50,""characterId"":28,""character"":{""Name"":""SuperJon"",""Path"":""Warrior"",""Guard"":1,""MaxGuard"":10,""Strength"":10,""MaxStrength"":10,""Mp"":0,""MaxMp"":0,""userId"":5}},{""id"":""28-1747224642888-jn3v4zg7z"",""url"":""https://i.imgur.com/pJKqRAa.jpeg"",""x"":1150,""y"":350,""width"":50,""height"":50,""characterId"":28,""character"":{""Name"":""SuperJon"",""Path"":""Warrior"",""Guard"":1,""MaxGuard"":10,""Strength"":10,""MaxStrength"":10,""Mp"":0,""MaxMp"":0,""userId"":5}},{""id"":""28-1747224697274-mcz4iycj5"",""url"":""https://i.imgur.com/pJKqRAa.jpeg"",""x"":1250,""y"":200,""width"":50,""height"":50,""characterId"":28,""character"":{""Name"":""SuperJon"",""Path"":""Warrior"",""Guard"":1,""MaxGuard"":10,""Strength"":10,""MaxStrength"":10,""Mp"":0,""MaxMp"":0,""userId"":5}},{""id"":""19-1747227523308-mr0khfkns"",""url"":""https://i.imgur.com/WmcylDU.png"",""x"":650,""y"":200,""width"":50,""height"":50,""characterId"":19,""character"":{""Name"":""Bo1"",""Path"":""Warrior"",""Guard"":7,""MaxGuard"":10,""Strength"":11,""MaxStrength"":10,""Mp"":0,""MaxMp"":0,""userId"":0}},{""id"":""19-1747227550254-mdn33r29x"",""url"":""https://i.imgur.com/WmcylDU.png"",""x"":350,""y"":300,""width"":50,""height"":50,""characterId"":19,""character"":{""Name"":""Bo1"",""Path"":""Warrior"",""Guard"":7,""MaxGuard"":10,""Strength"":11,""MaxStrength"":10,""Mp"":0,""MaxMp"":0,""userId"":0}},{""id"":""28-1747227745074-ctc1cwsc3"",""url"":""https://i.imgur.com/pJKqRAa.jpeg"",""x"":200,""y"":50,""width"":50,""height"":50,""characterId"":28,""character"":{""Name"":""SuperJon"",""Path"":""Warrior"",""Guard"":1,""MaxGuard"":10,""Strength"":10,""MaxStrength"":10,""Mp"":0,""MaxMp"":0,""userId"":5}},{""id"":""19-1747227888589-xtk0v75cp"",""url"":""https://i.imgur.com/WmcylDU.png"",""x"":800,""y"":100,""width"":50,""height"":50,""characterId"":19,""character"":{""Name"":""Bo1"",""Path"":""Warrior"",""Guard"":7,""MaxGuard"":10,""Strength"":11,""MaxStrength"":10,""Mp"":0,""MaxMp"":0,""userId"":0}}]},""scale"":0.5,""savedAt"":""2025-05-14T13:44:36.266Z""}"
7,lich-ff1.png,https://i.imgur.com/iCmxcYa.png,Token,0,
8,1665392422271481.png,https://i.imgur.com/g4yU8Ol.png,Token,0,
9,map-of-the-sea-wdl3037-e794cc.png,https://i.imgur.com/23Q7PCA.jpeg,Scene,0,"{""gridSize"":50,""gridColor"":""white"",""elements"":{""middleLayer"":[],""topLayer"":[{""id"":""19-1741283710188-aezf2h4pk"",""url"":""https://i.imgur.com/WmcylDU.png"",""x"":950,""y"":200,""width"":50,""height"":50,""characterId"":19,""character"":{""Name"":""Bo1"",""Path"":""Warrior"",""Guard"":7,""MaxGuard"":10,""Strength"":11,""MaxStrength"":10,""Mp"":0,""MaxMp"":0}},{""id"":""22-1741283711769-cxjtoqo5m"",""url"":""https://i.imgur.com/komYNIW.png"",""x"":550,""y"":100,""width"":50,""height"":50,""characterId"":22,""character"":{""Name"":""Wizard"",""Path"":""Magic User"",""Guard"":10,""MaxGuard"":10,""Strength"":10,""MaxStrength"":10,""Mp"":5,""MaxMp"":5}},{""id"":""28-1747225182900-t93ano5zx"",""url"":""https://i.imgur.com/pJKqRAa.jpeg"",""x"":1150,""y"":300,""width"":50,""height"":50,""characterId"":28,""character"":{""Name"":""SuperJon"",""Path"":""Warrior"",""Guard"":1,""MaxGuard"":10,""Strength"":10,""MaxStrength"":10,""Mp"":0,""MaxMp"":0,""userId"":5}},{""id"":""19-1747225849277-jipql8f0w"",""url"":""https://i.imgur.com/WmcylDU.png"",""x"":800,""y"":100,""width"":50,""height"":50,""characterId"":19,""character"":{""Name"":""Bo1"",""Path"":""Warrior"",""Guard"":7,""MaxGuard"":10,""Strength"":11,""MaxStrength"":10,""Mp"":0,""MaxMp"":0,""userId"":0}},{""id"":""28-1747225862717-30ikg2b8t"",""url"":""https://i.imgur.com/pJKqRAa.jpeg"",""x"":650,""y"":200,""width"":50,""height"":50,""characterId"":28,""character"":{""Name"":""SuperJon"",""Path"":""Warrior"",""Guard"":1,""MaxGuard"":10,""Strength"":10,""MaxStrength"":10,""Mp"":0,""MaxMp"":0,""userId"":5}},{""id"":""28-1747226434795-mxx0vq297"",""url"":""https://i.imgur.com/pJKqRAa.jpeg"",""x"":350,""y"":200,""width"":50,""height"":50,""characterId"":28,""character"":{""Name"":""SuperJon"",""Path"":""Warrior"",""Guard"":1,""MaxGuard"":10,""Strength"":10,""MaxStrength"":10,""Mp"":0,""MaxMp"":0,""userId"":5}},{""id"":""28-1747226657792-ffwl2a6pn"",""url"":""https://i.imgur.com/pJKqRAa.jpeg"",""x"":900,""y"":300,""width"":50,""height"":50,""characterId"":28,""character"":{""Name"":""SuperJon"",""Path"":""Warrior"",""Guard"":1,""MaxGuard"":10,""Strength"":10,""MaxStrength"":10,""Mp"":0,""MaxMp"":0,""userId"":5}},{""id"":""19-1747226683633-2rmmiy0ws"",""url"":""https://i.imgur.com/WmcylDU.png"",""x"":950,""y"":100,""width"":50,""height"":50,""characterId"":19,""character"":{""Name"":""Bo1"",""Path"":""Warrior"",""Guard"":7,""MaxGuard"":10,""Strength"":11,""MaxStrength"":10,""Mp"":0,""MaxMp"":0,""userId"":0}}]},""scale"":1.7,""savedAt"":""2025-05-14T13:35:23.765Z""}"
10,vladimir-manyukhin-cathedral-city.jpg,https://i.imgur.com/iiqYrnt.jpeg,Scene,0,"{""gridSize"":50,""gridColor"":""rgba(0,0,0,0.1)"",""elements"":{""middleLayer"":[],""topLayer"":[{""id"":""22-1741688450548-gs0i0l0me"",""url"":""https://i.imgur.com/komYNIW.png"",""x"":850,""y"":550,""width"":50,""height"":50,""characterId"":22,""character"":{""Name"":""Wizard"",""Path"":""Magic User"",""Guard"":10,""MaxGuard"":10,""Strength"":10,""MaxStrength"":10,""Mp"":5,""MaxMp"":5}},{""id"":""19-1741688452860-fjfflvauz"",""url"":""https://i.imgur.com/WmcylDU.png"",""x"":800,""y"":650,""width"":50,""height"":50,""characterId"":19,""character"":{""Name"":""Bo1"",""Path"":""Warrior"",""Guard"":7,""MaxGuard"":10,""Strength"":11,""MaxStrength"":10,""Mp"":0,""MaxMp"":0}},{""id"":""28-1747230859290-qxie4ljd6"",""url"":""https://i.imgur.com/pJKqRAa.jpeg"",""x"":500,""y"":150,""width"":50,""height"":50,""characterId"":28,""character"":{""Name"":""SuperJon"",""Path"":""Warrior"",""Guard"":1,""MaxGuard"":10,""Strength"":10,""MaxStrength"":10,""Mp"":0,""MaxMp"":0,""userId"":5}},{""id"":""28-1747230950836-as6tv82jq"",""url"":""https://i.imgur.com/pJKqRAa.jpeg"",""x"":300,""y"":350,""width"":50,""height"":50,""characterId"":28,""character"":{""Name"":""SuperJon"",""Path"":""Warrior"",""Guard"":1,""MaxGuard"":10,""Strength"":10,""MaxStrength"":10,""Mp"":0,""MaxMp"":0,""userId"":5}}]},""scale"":1,""savedAt"":""2025-05-16T12:28:38.792Z""}"
11,1656041921468.jpg,https://i.imgur.com/TDA2nJI.jpeg,Scene,0,"{""gridSize"":50,""gridColor"":""rgba(0,0,0,0.1)"",""elements"":{""middleLayer"":[],""topLayer"":[]},""scale"":1,""savedAt"":""2025-05-14T13:44:27.577Z""}"
